{"cameraMode":{"drawMode":0,"name":"Shaded","section":"Shading Mode"},"sceneLighting":false,"audioPlay":false,"sceneViewState":{"m_AlwaysRefresh":false,"showFog":true,"showSkybox":false,"showFlares":true,"showImageEffects":true,"showParticleSystems":true,"showVisualEffectGraphs":true,"m_FxEnabled":true},"in2DMode":false,"pivot":{"x":0.6289409399032593,"y":4.586295127868652,"z":-8.395883560180664},"rotation":{"x":-0.25107845664024355,"y":0.0063833212479949,"z":-0.0016732198419049383,"w":-0.9679141640663147},"size":19.933271408081056,"orthographic":false}