{"cameraMode":{"drawMode":0,"name":"Shaded","section":"Shading Mode"},"sceneLighting":false,"audioPlay":false,"sceneViewState":{"m_AlwaysRefresh":false,"showFog":true,"showSkybox":false,"showFlares":true,"showImageEffects":true,"showParticleSystems":true,"showVisualEffectGraphs":true,"m_FxEnabled":true},"in2DMode":false,"pivot":{"x":27.385517120361329,"y":4.274991035461426,"z":34.896121978759769},"rotation":{"x":-0.15183283388614655,"y":-0.1719215363264084,"z":0.02681897021830082,"w":-0.9729208946228027},"size":17.121044158935548,"orthographic":false}