{"cameraMode":{"drawMode":0,"name":"Shaded","section":"Shading Mode"},"sceneLighting":true,"audioPlay":false,"sceneViewState":{"m_AlwaysRefresh":false,"showFog":true,"showSkybox":true,"showFlares":true,"showImageEffects":true,"showParticleSystems":true,"showVisualEffectGraphs":true,"m_FxEnabled":true},"in2DMode":false,"pivot":{"x":163.2298583984375,"y":226.5267333984375,"z":163.23519897460938},"rotation":{"x":0.001192355528473854,"y":-0.04288487508893013,"z":-0.00003737160295713693,"w":-0.9990301132202148},"size":194.2146453857422,"orthographic":false}