{"cameraMode":{"drawMode":0,"name":"Shaded","section":"Shading Mode"},"sceneLighting":true,"audioPlay":false,"sceneViewState":{"m_AlwaysRefresh":false,"showFog":true,"showSkybox":true,"showFlares":true,"showImageEffects":true,"showParticleSystems":true,"showVisualEffectGraphs":true,"m_FxEnabled":true},"in2DMode":false,"pivot":{"x":11.557516098022461,"y":1.9951050281524659,"z":13.586841583251954},"rotation":{"x":0.11149560660123825,"y":0.13699539005756379,"z":-0.015523180365562439,"w":0.9841605424880981},"size":15.160932540893555,"orthographic":false}